title,score,id,url,comms_num,created,body,timestamp
"TIL the city of Nottingham, UK, named a tram after a locally born actress, Vicky McClure. On her maiden trip on the tram, she was ejected for fare evasion. Having been offered a free ride, she did not have a ticket.",11458,bg6xbw,https://en.wikipedia.org/wiki/Vicky_McClure,291,1555964746,,4/22/2019 15:25
"TIL Jimmy Carter still lives in the same $167,000 house he built in Georgia in 1961 and shops at Dollar General",65346,bg2c86,https://www.cnbc.com/amp/2018/08/22/jimmy-carter-lives-in-an-inexpensive-house.html?__source=instagram%7Cmain,3199,1555941102,,4/22/2019 8:51
"TIL that during WW2 there was a saying that ""It's more likely for a snake to smoke a pipe, than for Brazil to go the front and fight"", so when Brazil joined the war, their troops became known as ""Cobras Fumantes"", or ""the Smoking Snakes"".",23402,bg0p27,https://en.wikipedia.org/wiki/Brazilian_Expeditionary_Force,594,1555930582,,4/22/2019 5:56
"TIL that every single copy of GoldenEye 007 for the N64 shipped with a fully functioning ZX Spectrum emulator, along with ten games, hidden on the cartridge. This function can be reenabled using an emulator, letting users play the classic games.",2379,bg2rsw,https://kotaku.com/long-lost-emulation-easter-egg-discovered-in-goldeneye-5897828,93,1555943478,,4/22/2019 9:31
"TIL that pineapples were so rare a sight in the 1700's they were a symbol of wealth. The few that were cultivated in hothouses were worth about five thousand pounds ($8000) each. They weren't eaten, but were rented out by the aristocracy as a table centerpiece at dinner parties.",528,bg74ar,https://www.thespruceeats.com/history-of-the-pineapple-1807645,50,1555965739,,4/22/2019 15:42
"TIL As a child, Einstein's Uncle Jakob introduced him to algebra and called it ""a merry science"". He compared algebra to hunting a little animal. You didn't know the name of the animal, so you called it ""x"". When you finally caught the animal you gave it the correct name",45726,bfybqy,https://www.mathematics-monster.com/algebra.html,685,1555910360,,4/22/2019 0:19
TIL in 2002 paramedics in Poland were arrested for killing patients and selling their information to funeral homes who would contact their relatives to make funeral arrangements. The funeral homes then added the cost of the bribes they paid the killers to the funeral bills of the victims' families.,455,bg6w4b,https://www.thelancet.com/journals/lancet/article/PIIS0140-6736(07)60254-2/fulltext,25,1555964579,,4/22/2019 15:22
TIL Martin Luther King criticized the FBI for failing to enforce civil rights law in the south. In retaliation he was sent a letter from the FBI calling him a fraud and asking him to kill himself.,6999,bfyzsd,https://www.nytimes.com/2014/11/16/magazine/what-an-uncensored-letter-to-mlk-reveals.html,325,1555915963,,4/22/2019 1:52
"TIL jazz violinist Joe Venuti, known for practical jokes, once called every double bass player in the New York phonebook, asking them to meet with him on a street corner; over 50 arrived with their instruments, creating a minor roadblock. Venuti later had to pay them all, as mandated by the AFM.",607,bg5j6o,https://en.wikipedia.org/wiki/Joe_Venuti,27,1555957688,,4/22/2019 13:28
"TIL Costco’s $6,000 Doomsday Food Kit Only Gets Your Family Through Year One of the Apocalypse. The kit is delivered as two pallets of boxes that together weigh 1,800 pounds. To keep neighbors in the dark, Costco promises everything is “packaged discreetly.” The some products expire in 30 years.",260,bg7za0,http://www.grubstreet.com/2018/03/costco-selling-family-sized-food-kits-for-doomsday-preppers.html,109,1555970168,,4/22/2019 16:56
"TIL: The highest point (The peak of Mount Whitney at 14,494 feet / 4,418 meters) and lowest point (The Badwater Basin area of Death Valley at -282 feet / -86 meters) in the Contiguous United States are both in California, both in the same county in California, and only 88 miles apart.",1365,bg1cnr,https://www.howderfamily.com/blog/death-valley-mount-whitney/,77,1555935041,,4/22/2019 7:10
"TIL during WW2, a 360 ft long prehistoric chalk horse figure on a hill in Britain, was covered over with turf and hedge trimmings so that German pilots could not use it for navigation during bombing raids.",392,bg4iom,https://en.wikipedia.org/wiki/Uffington_White_Horse,23,1555952602,,4/22/2019 12:03
"TIL that Prince Charles has been heir to the British throne for 67 years, making him the oldest and longest-serving heir in British history.",1287,bg09qq,"https://en.wikipedia.org/wiki/Charles,_Prince_of_Wales",145,1555927152,,4/22/2019 4:59
TIL that the Illuminati is present in modern conspiracy theories largely due to some prank letters published in Playboy magazine in the 60's,14064,bfuvqi,https://skeptoid.com/episodes/4657,434,1555887913,,4/21/2019 18:05
"TIL light bulbs in the New York City subway system screw in ""backwards"" (i.e. with left-handed threads) so people won't steal them to use at home.",58478,bfu6o4,https://en.wikipedia.org/wiki/Edison_screw#Types,1378,1555883889,,4/21/2019 16:58
"TIL the Philippines is one of two countries, the other being Vatican City, that doesn't allow divorce. Instead, citizens have to go through an expensive & complex annulment process to circumvent the divorce ban.",439,bg2ad0,https://www.pna.gov.ph/articles/1061868,45,1555940781,,4/22/2019 8:46
"TIL that Jimmy Carter's siblings and father all died of Pancreatic Cancer, with all of his siblings dying within 7 years of one another.",260,bg42lo,https://www.nytimes.com/2007/08/07/health/07jimm.html,16,1555950316,,4/22/2019 11:25
"TIL of the Tarantula Hawk, a giant member of the wasp family whose sting is described as an ""immediate, excruciating, unrelenting pain that simply shuts down one's ability to do anything, except scream. Mental discipline simply does not work in these situations."" It's the state insect of New Mexico.",230,bg4a12,https://en.wikipedia.org/wiki/Tarantula_hawk,32,1555951379,,4/22/2019 11:42
"TIL: The only state governor to be assassinated was Kentucky’s William Goebel. He was shot soon after the election ended, and was sworn into office while on his death bed. His only official business as governor was to call off the militia looking for the person who shot him.",474,bg15ag,https://www.wikipedia.org/wiki/William_Goebel,32,1555933723,,4/22/2019 6:48
"TIL after rigorously training dogs for space travel, Soviet scientist had a dog named Bobik run away days before their flight. A replacement named ZIB who was an untrained street dog found running around the barracks, was quickly located and made a successful flight.",153,bg58ad,https://en.wikipedia.org/wiki/Soviet_space_dogs#Bobik_and_ZIB,6,1555956155,,4/22/2019 13:02
TIL the oldest D20 dice was uncovered in Egypt and dates back around 30 BC,66,bg81cz,http://www.cnet.com/news/ancient-d20-die-emerges-from-the-ashes-of-time/,10,1555970472,,4/22/2019 17:01
"TIL: the first pilots crossing the Atlantic, crash landed on bogland in the western tip of Ireland. During their flight they came into free fall twice above the ocean. They lost the hood of the ‘cockpit’ and went trough snow and rain at 3500 m altitude, soaking and freezing them completely.",141,bg51ll,https://www.connemara.net/alcock-and-brown/,12,1555955204,,4/22/2019 12:46
TIL about the Controversy surrounding the Four Color Theorem which states that every map can be colored using only four different colors. The remarkable theorem is the first that had to be proved using computer-assistance.,69,bg7p7q,https://mathsection.com/four-color-theorem-controversy/,10,1555968707,,4/22/2019 16:31
TIL Mexico City is 7200 feet above sea level which had a major affect on athletes in the 1968 Olympic games,241,bg2bq5,https://globalsportmatters.com/mexico/2018/10/11/altitude-major-impact-performances-mexico-city-olympic-games/,20,1555941009,,4/22/2019 8:50
"TIL that, for a brief time, there existed a breakaway ""Samurai Republic"" on the island of Hokkaido that held the first-ever ""democratic"" elections in Japan",154,bg426v,https://unseenjapan.com/samurai-democracy-republic-of-ezo.html,4,1555950259,,4/22/2019 11:24
"TIL about ""The Demon Core"", a mass of plutonium that was responsible for the death of two scientists on two separate occasions.",46,bg8de8,https://www.newyorker.com/tech/annals-of-technology/demon-core-the-strange-death-of-louis-slotin/amp,7,1555972237,,4/22/2019 17:30
TIL Some landscaping companies use goats to get rid of invasive plant growth rather than machines and pesticides.,185,bg2zb4,https://en.wikipedia.org/wiki/Rent_A_Goat,31,1555944630,,4/22/2019 9:50
"TIL that Marcel Marceau, the famous mime and actor, was considered a national treasure in Japan and was friends with Michael Jackson for nearly 20 years (and Jackson used a lot of his techniques in his dancing).",49,bg86h4,https://en.wikipedia.org/wiki/Marcel_Marceau,7,1555971228,,4/22/2019 17:13
TIL the day after Thanksgiving is the busiest day for plumbers,112,bg4qqh,https://edition-m.cnn.com/2016/11/21/health/thanksgiving-fun-facts-trivia-trnd/index.html,13,1555953702,,4/22/2019 12:21
"TIL: In 1889 more than 50,000 people rushed to claim a piece of the available two million acres in the unassigned lands in the present-day U.S. state of Oklahoma, founding Oklahoma City.",91,bg5lis,https://en.wikipedia.org/wiki/Land_Rush_of_1889,20,1555958011,,4/22/2019 13:33
"TIL: Pedi people (a tribe in South Africa) wear Scottish kilts. Citing oral history, the use of kilts dates to 1879. They say that's when the tribe lost a battle because its warriors thought kilted Scots leading a British army were women and held their fire until realizing their mistake too late.",714,bfz1ar,https://www.latimes.com/archives/la-xpm-1997-oct-19-mn-44313-story.html,31,1555916320,,4/22/2019 1:58
"TIL that farmed salmon can get depression, a state which causes them to stop eating and radically changes their physical attributes",324,bg0p6o,https://oceana.org/blog/deaf-depressed-and-deformed-top-5-reasons-salmon-farming-makes-unhealthy-fish,31,1555930610,,4/22/2019 5:56
"TIL In 1989, Russian psychic E. Frenkel was run over by a train while attempting to stop it with his psychic-biological power, after previously ‘successfully’ stopping a car and streetcar.",187,bg2br9,http://www.aintnowaytogo.com/trainEsp.htm,22,1555941016,,4/22/2019 8:50
"TIL To solve the problem of communicating to humans 10,000 years from now about nuclear waste sites one solution proposed was to form an atomic priesthood like the catholic church to preserve information of locations and danger of nuclear waste using rituals and myths.",13843,bfrqbm,https://www.semiotik.tu-berlin.de/menue/zeitschrift_fuer_semiotik/zs_hefte/bd_6_hft_3/#c185966,786,1555870258,,4/21/2019 13:10
"TIL: That the original ""Snake Oil Salesman"" wasn't convicted of selling snake oil, he was convicted of selling FAKE snake oil. Oil from Chinese Water Snakes was considered a legit medicine at the time, but Clark Stanley was convicted in 1917 of selling fake snake oil.",6483,bfsich,https://en.wikipedia.org/wiki/Snake_oil#From_cure-all_to_quackery,132,1555874515,,4/21/2019 14:21
"TIL that the Yakuza is the second largest criminal organization in the world (by revenue), despite Japan being ranked 11th in worldwide population.",407,bfzr3o,http://fortune.com/2014/09/14/biggest-organized-crime-groups-in-the-world/,56,1555922719,,4/22/2019 3:45
TIL M&M's are named after it's founder's Mars & Murrie,146,bg2oqv,https://en.wikipedia.org/wiki/M%26M%27s,11,1555943002,,4/22/2019 9:23
"TIL At the top soil layer, earthworms convert fallen leaves to humus. That’s a good thing if you’re growing a garden, but, in a natural forest, it causes a fast-tracking of the release of nutrients instead. Earthworms disrupt the mutually beneficial symbiotic relationship between fungi and plants",39,bg75mo,https://earthsky.org/earth/european-earthworms-change-u-s-forests,6,1555965921,,4/22/2019 15:45
"TIL: That the gas build up from a decomposing corpse, can sometimes cause caskets to explode in mausoleums. So sometimes the caskets come with ""burpers"" like Tupperware.",38,bg7pc1,https://www.loveliveson.com/pros-and-cons-of-a-mausoleum/,7,1555968724,,4/22/2019 16:32
"TIL that Raymond Charles lost his face in an electrical accident in 1919, and only went out at night due to his disfigurement. Locals called him ""Charlie No-Face.""",27,bg8gd9,https://en.wikipedia.org/wiki/Raymond_Robinson_(Green_Man),6,1555972677,,4/22/2019 17:37
TIL that Australia has the highest skin cancer rate in the world,77,bg4ll8,https://en.wikipedia.org/wiki/Australia,20,1555952996,,4/22/2019 12:09
TIL that Salieri was actually very respected during his life and was chief court composer on Habsburg Imperial Court. He and Mozart mutually respected each others and myth that Salieri poisoned Mozart was actually originated from play by Pushkin called Mozart and Salieri from 1831,40,bg72kl,https://www.theguardian.com/music/2003/dec/19/classicalmusicandopera.italy,5,1555965493,,4/22/2019 15:38
"TIL there is a 400-year gap between the end of events in the Old Testament of the Bible and the start of events in the New Testament. Some Protestant theologians refer to this period as ""400 Silent Years"" during which God did not give humankind any new information.",86,bg3xyu,https://en.wikipedia.org/wiki/Intertestamental_period,41,1555949643,,4/22/2019 11:14
"TIL about an indigenous kids spinning top street game in Lombok, Indonesia, called Mantek. Each region of Indonesia has its own name and rules. The kids make the tops themselves from Tamarind trees. It's played here in North Lombok by survivors of last years devastating earthquakes",48,bg66qy,https://youtu.be/4a5CLTd2Fds,5,1555960995,,4/22/2019 14:23
"TIL: Spiders have thrived in the ocean, but there are few ocean-dwelling insects and we're not sure why.",100,bg3540,http://discovermagazine.com/1997/mar/whereinsectsfear1081,19,1555945486,,4/22/2019 10:04
"TIL The Kindlifresser, or 'Child Eater', is one of oldest statues in Bern, Switzerland and nobody is sure why it has a baby half stuffed into his mouth.",171,bg176u,https://en.wikipedia.org/wiki/Kindlifresserbrunnen,17,1555934066,,4/22/2019 6:54
"TIL a flatworm, Baicalellia daftpunka, was named after Daft Punk for having a similar shape to their helmets",23,bg8e3h,https://onlinelibrary.wiley.com/doi/full/10.1111/jzs.12243,1,1555972340,,4/22/2019 17:32
TIL: Movie Theaters actually make more money from ticket sales than they do from concessions. The opposite is a common myth.,20,bg8pga,https://www.seancast.com/business/movies-theaters-money-myth/,28,1555974044,,4/22/2019 18:00
"TIL In China, humans manually pollinate flowers where bees are scarce.",118,bg24f7,https://www.huffingtonpost.ca/entry/humans-bees-china_n_570404b3e4b083f5c6092ba9,19,1555939795,,4/22/2019 8:29
"TIL that sleeping on the job is acceptable in Japan, as it's viewed as exhaustion from working hard.",87,bg32uq,https://en.wikipedia.org/wiki/Sleeping_while_on_duty,13,1555945158,,4/22/2019 9:59
TIL Tens of thousands of Mazda6's were recalled because spiders kept infesting the fuel systems and increasing the risk of fires.,25,bg7yjq,https://www.nhtsa.gov/recalls?nhtsaId=14V114000,6,1555970056,,4/22/2019 16:54
TIL in 1900s there was a death row inmates baseball team and their executions were dependent on their performance.,352,bfz5bt,https://nypost.com/2014/09/14/the-death-row-inmates-who-were-forced-to-play-baseball-for-their-lives/,73,1555917276,,4/22/2019 2:14
"TIL that there is a thirty-year-old airline that's never flown called Baltia (US Global) Airlines. For a period of 2 years, because of their mismanaged listing process, they weren't even sure if they were a public or private company",57,bg4rum,https://en.wikipedia.org/wiki/USGlobal_Airways,3,1555953859,,4/22/2019 12:24
"TIL that Steve Williams, Tiger Woods' Caddie until 2011, once wrestled a $7,000 camera from a fan who clicked a picture of Woods during his backswing and threw it into a pond",69,bg3xgs,https://en.wikipedia.org/wiki/Steve_Williams_(caddie),19,1555949571,,4/22/2019 11:12
"TIL Abraham Lincoln never said ""if i knew that i had eight hours to chop a tree down, i would spend the first six sharpening my axe"" - actually, the first variation on this adage first appeared in 1956, on an agricultural education paper, it was credited to an anonymous woodsman.",38,bg67v6,https://www.rd.com/culture/fake-quotes-presidents/,14,1555961150,,4/22/2019 14:25
"TIL Although there is no specialized sensory organ for time, our perception of time nevertheless depends on the rate of change in different sensory modalities. In the absence of sensory input, e.g. under anaesthesia, the sense of time is often lost or impaired.",2078,bftigt,https://royalsocietypublishing.org/doi/full/10.1098/rstb.2012.0473,142,1555880113,,4/21/2019 15:55
"Today I learned that the National Parks and Forests of the USA contain abandoned NASA facilities, mostly graveyards, and a natural slip and slide.",58,bg3zn9,https://www.atlasobscura.com/articles/here-are-17-hidden-spots-inside-americas-national-parks,6,1555949892,,4/22/2019 11:18
"TIL that instead of dropping a ""ball"" on New Years Eve like New York City does, in Atlanta, Georgia they drop a peach.",19,bg8266,https://en.wikipedia.org/wiki/Peach_Drop,19,1555970583,,4/22/2019 17:03
TIL George Lucas' first credit on a film was as the still photographer on a movie called 'Orgy Beach Party' in 1964,24,bg7bqw,https://en.wikipedia.org/wiki/George_Lucas_filmography#Short_films,2,1555966786,,4/22/2019 15:59
TIL In the 1820s sewage was dumped directly into London's river Thames which was also used to supply drinking water.,83,bg26y4,https://wellcomecollection.org/works/qqcx38hr,18,1555940215,,4/22/2019 8:36
"TIL Top Gear's ""tame racing driver"", The Stig, would often eat his lunch in the back of an ambulance to avoid being identified. He would also remain in his racing overalls and helmet throughout the day and would put on a French-like accent when talking.",7907,bfpere,https://en.wikipedia.org/wiki/The_Stig#Anonymity_and_silence,261,1555857251,,4/21/2019 9:34
"TIL in the 1993 World Chess Open, a newcomer under the name ""John von Neumann"" was caught cheating. When questioned by the tournament director, he could not explain basic chess concepts and was disqualified.",13,bg9279,https://en.wikipedia.org/wiki/Cheating_in_chess#Historical,1,1555975953,,4/22/2019 18:32
"TIL that Hokusai, the artist behind the famous 'The Great Wave off Kanagawa', illustrated a series of shunga erotica called 'Dreams of the Fisherman's Wife' which includes vivid depictions of women having sex with octopus. Published in 1814",1029,bfv98m,https://en.wikipedia.org/wiki/The_Dream_of_the_Fisherman%27s_Wife?wprov=sfla1,72,1555890230,,4/21/2019 18:43
"TIL About Robert the Devil, a medieval legend from the 13th century. Robert was the son of the devil, conceived through a satanic pact. He was extremely strong, courageous, and evil before repenting and vowing to conquer hell from his father. He is said to have saved Rome twice after turning good.",32,bg5ie9,https://en.wikipedia.org/wiki/Robert_the_Devil,6,1555957579,,4/22/2019 13:26
TIL Easter is named so after the pre-Christian goddess Eostre who was celebrated at the beginning of spring,12,bg90ge,http://theconversation.com/why-easter-is-called-easter-and-other-little-known-facts-about-the-holiday-75025,3,1555975692,,4/22/2019 18:28
"[TIL] That from 1923 to 1939, the 45th Infantry Division (NG unit with members from OK, NM, CO and AZ) proudly wore a yellow swastika, an ancient Indian symbol of good luck, on a red background. Due to the rise of the Nazis, it was abandoned and a yellow Thunderbird was selected as the new insignia.",14,bg8exb,http://www.45thdivisionmuseum.com/History/SwastikaToThunderbird.html,4,1555972469,,4/22/2019 17:34
TIL Hong Kong has two ages of consent. 16 for sexual activity and 21 for a female receiving anal.,261,bfytdz,https://en.wikipedia.org/wiki/Ages_of_consent_in_Asia#Hong_Kong,34,1555914412,,4/22/2019 1:26
"TIL of Smigus-Dyngus, known as “Wet Monday”, where traditionally on Easter Monday boys throw water over girls and spank them with pussy willow branches and girls do the same to boys.",14,bg8ehv,https://en.wikipedia.org/wiki/Śmigus-dyngus,4,1555972400,,4/22/2019 17:33
"TIL about Father Francis Gleeson, an Army chaplain during WWI. At the Battle of Ypres, among heavy casualties, he tore off the badges that marked him as a non-combatant so he could take command and hold the line.",730,bfvsz5,https://en.wikipedia.org/wiki/Francis_Gleeson_(priest),28,1555893608,,4/21/2019 19:40
"TIL 28% of Sri Lanka's population live on less than 2$ a day, far below poverty.",58,bg2ubz,https://borgenproject.org/why-is-sri-lanka-poor/,10,1555943879,,4/22/2019 9:37
TIL 10% of Americans have never left the state they were born. 40% of Americans have never left the country.,45403,bfnz7f,https://nypost.com/2018/01/11/a-shocking-number-of-americans-never-leave-home/,5498,1555847023,,4/21/2019 6:43
TIL Michelangelo was around 23 years old when he created the Pieta sculpture,729,bfvpuu,https://en.wikipedia.org/wiki/Piet%C3%A0_(Michelangelo),59,1555893068,,4/21/2019 19:31
"TIL that the Monday after Easter is called Dyngus Day by Polish people, and the largest Dyngus Day celebration in the world is held in Buffalo, NY.",70,bg245m,https://www.dyngusday.com/,2,1555939746,,4/22/2019 8:29
"TIL about shot towers, formerly used to produce projectiles for shotguns. Molten lead was dropped from the top of the tower and into a bucket of water at the bottom, and the force from the fall formed spherical shots.",9,bg9g0v,http://wikipedia.org/wiki/Shot_tower,2,1555978114,,4/22/2019 19:08
"TIL that the sun and the moon look to be the same size because the diameter of the sun and moon and the distance to earth both share a 1:400 difference, making them look the same size, this has not been seen with any other planet-moon combination",9287,bfod4q,https://earthsky.org/space/coincidence-that-sun-and-moon-seem-same-size,499,1555850139,,4/21/2019 7:35
"TIL about Ferdinand Cheval, a French postman who spent 33 years of his life building his own palace using stones he collected on his daily mail trips. Although he wanted to be buried in it, the French Government refused, and he spent another 8 years building a mausoleum to complement it.",950,bfuipt,https://en.wikipedia.org/wiki/Ferdinand_Cheval,21,1555885801,,4/21/2019 17:30
"TIL that each year, churches on the Greek Island of Chios celebrate Easter by shooting thousands of rockets at each other",14,bg7b9z,https://www.youtube.com/watch?v=0wdSBP2qaQA,2,1555966717,,4/22/2019 15:58
"TIL Zuul is a genus of herbivorous ankylosaurine dinosaur named after the demon and demi-god Zuul, the Gatekeeper of Gozer, featured in the 1984 film Ghostbusters.",50,bg2o86,https://en.wikipedia.org/wiki/Zuul,7,1555942930,,4/22/2019 9:22
"TIL During the naval battle of the Philippine Sea between USA and Japan, an american submarine launched a torpedo at a Japanese flagship, but the pilot Sakio Komatsu intercepted it by performing a suicide dive, detonating it",32,bg3wgo,https://en.wikipedia.org/wiki/Battle_of_the_Philippine_Sea#Submarine_attacks,1,1555949430,,4/22/2019 11:10
"TIL the Kingdom of Eswatini (also known as Swaziland) has one of the highest rates of citizens being struck by lightening. Between 2000 - 2007 alone, there were 123 victims of lightning related death.",15,bg73bf,https://www.researchgate.net/publication/225725467_Lightning_fatalities_in_Swaziland_2000-2007,5,1555965599,,4/22/2019 15:39
"TIL the first movie in color was made already in 1902, the earliest color moving images ever made pre-dating 'Kinemacolor' by eight years. A British cinematographer, Edward Turner's footage of his children was found in a discovery in The National Media Museum in Bradford.",202,bfytbg,https://www.theguardian.com/film/2012/sep/12/colour-film-1901-earliest-world,3,1555914393,,4/22/2019 1:26
"TIL: That in 2012 antifreeze manufacturers agreed to add bittering agents to antifreeze, in order to prevent children and pets from consuming it.",2672,bfqog4,http://veterinarynews.dvm360.com/antifreeze-manufacturers-agree-add-bittering-agent-make-products-unpalatable-animals-and-humans,133,1555864549,,4/21/2019 11:35
"TIL Baseball Hall of Famer Dave Winfield was drafted by 4 teams in 3 Major League Sports coming out of college in 1973 (MLB: Padres, NBA: Hawks, ABA: Stars, NFL: Vikings)",15,bg6xsw,https://sports.yahoo.com/one-player-four-drafts-the-remarkable-tale-of-dave-winfields-draft-history-170742469.html,3,1555964814,,4/22/2019 15:26
TIL that astronauts actually get 3 percent taller while they are in space.,8,bg96b1,http://www.nasa.gov/mission_pages/station/research/news/spinal_ultrasound.html,2,1555976578,,4/22/2019 18:42
"TIL in 1967, the mayor of Montreal negotiated a secret agreement with Charles de Gaulle for the Eiffel Tower to be dismantled and temporarily relocated to Montreal to serve as a tourist attraction",10,bg8c30,https://en.wikipedia.org/wiki/Eiffel_Tower#Subsequent_events,3,1555972044,,4/22/2019 17:27
"TIL commercial tea manufacturing was stolen from China in 1848 by British East India Company. They sent a Scottish botanist Robert Fortune, disguised as a merchant, to China. He brought back tea seeds, tea leaves, details of manufacturing green, and black teas and 80 Chinese tea workers!",32,bg3uj8,https://youtu.be/ZONUN2MdrOE,5,1555949143,,4/22/2019 11:05
"TIL about the Solar Storm of 1859, causing damage to telegraph systems. A Solar Storm of this magnitude today would cause widespread electrical disruptions, blackouts and damage due to extended outages of the electrical grid. Such a storm entered Earth's orbit in 2012, missing Earth by only 9 days",8,bg8xdu,https://en.wikipedia.org/wiki/Solar_storm_of_1859,2,1555975216,,4/22/2019 18:20
TIL There is a Bristol stool scale to identify your poop,7,bg9d17,https://en.wikipedia.org/wiki/Bristol_stool_scale,1,1555977630,,4/22/2019 19:00
TIL in 2013 a piece of landing gear from one of the 9/11 flights was found wedged between two buildings in NYC.,534,bfvocc,https://www.theguardian.com/world/2013/apr/28/september-11-airplane-part-found-new-york,60,1555892804,,4/21/2019 19:26
"TIL that dogs laugh and it can be used to initiate play, promote pro-social behavior, and decrease stress levels in other dogs. One study showed that playback of this recorded laughter reduced stress-related behaviors, increased tail wagging, initiated ""play-face"", and promoted lip licking fun",30,bg45c4,https://en.wikipedia.org/wiki/Laughter_in_animals#Dogs,1,1555950711,,4/22/2019 11:31
"TIL that during the filming of Jackass 3D, Johnny Knoxville, Jeff Tremaine, and the rest of the crew banned beer from the set to help Steve-O maintain his sobriety.",59567,bfn761,https://www.miaminewtimes.com/arts/johnny-knoxville-talks-jackass-3-d-testicles-and-a-cuban-tarzan-6486680,1292,1555839630,,4/21/2019 4:40
"TIL 2,153 billionaires around the world hold about US$8.7 trillion, that makes them the 3rd biggest GDP ""country"" in the world after china.",35,bg30t7,https://en.wikipedia.org/wiki/The_World's_Billionaires,14,1555944849,,4/22/2019 9:54
"TIL Sham Ennessim, a holiday celebrated on the same day as Orthodox Christian Easter, is celebrated also by all Egyptians since 2700 BC till now. Next one is on the 29th of April when Egyptians go outdoors, color eggs, and eat salted fish.",13,bg668s,https://www.officeholidays.com/countries/egypt/sham_el_nessim.php,1,1555960927,,4/22/2019 14:22
"TIL in the 1850's that due to mercury poisoning from taking ""blue masses,"" Abraham Lincoln was known to have bouts of jumping up suddenly and running out of his house, as well as suddenly bursting out into laughter.",206,bfy1f9,http://time.com/4711887/bill-clinton-didnt-inhale-marijuana-anniversary/,16,1555908079,,4/21/2019 23:41
"TIL The English language used to have six more letters: thorn (þ), eth (ð), wynn (ƿ), yogh (ȝ), ash (æ), and ethel (œ). They all disappeared by the 15th century.",5947,bfnxb1,https://en.wikipedia.org/wiki/English_alphabet#Modern_English,398,1555846570,,4/21/2019 6:36
"TIL about the Shit Museum, a museum dedicated to cow shit from cows creating milk for Italian Grana Padano cheese",7,bg8e26,https://en.wikipedia.org/wiki/Shit_Museum,1,1555972335,,4/22/2019 17:32
"TIL that common everyday words such as Fart, Bra, Kiss and ahem Slut (among others) have a much more wholesome Scandinavian meaning.",35,bg29ho,https://www.scandikitchen.co.uk/ten-scandinavian-words-that-mean-something-a-bit-different-in-english/,4,1555940637,,4/22/2019 8:43
TIL The 15th century Queen of France named Anne left instructions in her will for her heart to be cut out & put in a golden heart casket & that's where it's been for 500 years. For the last 130 yrs it's been on display at Thomas-Dobrée Museum until it was stolen in 2018. It has since been recovered,373,bfvmxx,https://www.atlasobscura.com/articles/anne-of-brittany-gold-heart-stolen-nantes,24,1555892555,,4/21/2019 19:22
TIL The 1950 FIFA World Cup is the only FIFA World Cup that didn't have a final.,8,bg6lbv,https://en.wikipedia.org/wiki/1950_FIFA_World_Cup,2,1555963053,,4/22/2019 14:57
TIL the world’s fastest soccer player is Arjen Robben at 37 kmh (23 mph). He did this with the ball under control and after 80 min of play and scored at the end of the run. At that pace he’d run 100 m in 10.28 seconds.,117,bfysve,http://www.espn.com.au/football/fifa-world-cup/story/1888364/arjen-robben-of-netherlands-becomes-worlds-fastest-player?src=com,21,1555914284,,4/22/2019 1:24
"TIL cats can receive a blood transfusion using canine blood once in their lives, which can be life saving.",161,bfxtua,https://www.ncbi.nlm.nih.gov/m/pubmed/22983454/,22,1555906501,,4/21/2019 23:15
"TIL of Gyo Fujikawa, an illustrator who was an earliest mainstream illustrator who included children of many races into her picture books (which has become a common practice today).",196,bfx2gh,https://en.wikipedia.org/wiki/Gyo_Fujikawa,6,1555901507,,4/21/2019 21:51
TIL: Hypervelocity stars (designated as HVS or HV in stellar catalogues) are stars with velocities that deviate substantially from the normal velocity of stars in a galaxy.,47,bg0ok7,https://en.wikipedia.org/wiki/Stellar_kinematics,1,1555930472,,4/22/2019 5:54
TIL Bananas are going extinct due to a untreatable fungus breakout that's spreading around the world,1034,bfrj6b,https://nypost.com/2018/07/06/bananas-are-facing-extinction/,118,1555869193,,4/21/2019 12:53
"TIL The Rocky Mountain locust, which once had a swarm in 1875 larger in size than the area of California, went extinct only 30 years later.",274,bfvxrn,https://en.wikipedia.org/wiki/Rocky_Mountain_locust,17,1555894417,,4/21/2019 19:53
"TIL Before becoming a movie star, Bruce Lee was Hong Kong’s Cha Cha champion. Lee would trade dance lessons for martial arts lessons and his first job in the United States was as a ballroom dance instructor.",417,bfug0a,https://sayitaintsosa.com/2016/04/18/bruce-lee-dance-champion/,3,1555885373,,4/21/2019 17:22
"TIL in the 1930's the owner of Dorney Park (Allentown, PA) built a house for his wife under the first hill of his roller coaster in order to drive her toward divorce.",21,bg2w9d,https://en.wikipedia.org/wiki/Dorney_Park_%26_Wildwater_Kingdom#Ownership,2,1555944166,,4/22/2019 9:42
TIL that some forms of oxygen are toxic to cells and may produce a significant amount of the cellular injury we associate with aging. The same thing essential to most life makes it fade away.,17,bg3pou,https://www.uccs.edu/Documents/rmelamed/harman_1956_13332224.pdf,15,1555948487,,4/22/2019 10:54
TIL that cold and flu viruses aren't usually transmitted via saliva.,57,bfzo2u,https://www.nytimes.com/2004/12/07/health/science/q-a-passing-on-a-cold.html,7,1555921928,,4/22/2019 3:32
TIL that the Future Prince of Liechtenstein will be the first heir to the deposed Catholic British Monarchy born in Britain since it was deposed,7,bg5v8c,https://en.wikipedia.org/wiki/Prince_Joseph_Wenzel_of_Liechtenstein#Royal_House_of_Stuart,6,1555959395,,4/22/2019 13:56
TIL China is the biggest exporter of honey in the world.,31,bg0ya8,http://www.worldstopexports.com/natural-honey-exporters/,29,1555932404,,4/22/2019 6:26
"TIL that Daimler-Benz initially saw little market for G-class in US, so a small company Europa Motors did the certification and crash tests, and popularized it as an upmarket SUV. Once sales in US exploded, MB had to buy back the distribution rights in US.",9,bg4tpc,https://www.autotrader.com/car-news/heres-how-mercedes-benz-g-wagen-got-around-25-year-281474979839166,1,1555954120,,4/22/2019 12:28
"TIL: Not all spiders have eight eyes! They can have two, four, six or the 'traditional' eight eyes, and one way of classifying them is by the number of eyes they have!",3,bg9cmh,http://scienceline.ucsb.edu/getkey.php?key=3238,3,1555977568,,4/22/2019 18:59
TIL the first recorded mention of mooning was a 1st century soldier baring his buttocks and farting in the general direction of a group of Jews celebrating Passover.,185,bfw9a0,https://slate.com/culture/2012/06/mooning-a-history-when-did-people-start-baring-their-butts-as-an-insult.html,18,1555896387,,4/21/2019 20:26
"TIL that injections of malaria were used to treat patients of syphilis, manic depressive disorder, schizophrenia and HIV across the course of the 20th century, resulting in the deaths of up to 13% of those who were subject to 'malariotherapy'.",13,bg3rx5,http://www.scielo.br/scielo.php?script=sci_arttext&pid=S0037-86822014000200260,4,1555948799,,4/22/2019 10:59
TIL Six of the warmest ten years in Ireland have occurred since 1990.,5,bg6qwu,https://www.epa.ie/climate/communicatingclimatescience/whatisclimatechange/whatimpactwillclimatechangehaveforireland/,2,1555963851,,4/22/2019 15:10
"TIL there is a thought experiment in physics, which is based on the well established ""Many Worlds Theory"". The experiment, if right, means that you can never die because only the living you would be conscious to be aware that you are living. In essence, it means that you are immortal.",100,bfxn54,https://en.wikipedia.org/wiki/Quantum_suicide_and_immortality,73,1555905235,,4/21/2019 22:53
"TIL Conductors are a necessary part of an orchestra. Their movements predicted the movements of their violinists, and a veteran conductor produces more aesthetically pleasing music than an amateur.",9,bg5xvz,https://www.npr.org/sections/deceptivecadence/2012/11/27/165677915/do-orchestras-really-need-conductors,8,1555959759,,4/22/2019 14:02
TIL Max C. Freedman wrote Rock Around the Clock when he was 59 years old,8,bg4rf4,https://en.wikipedia.org/wiki/Max_C._Freedman,2,1555953798,,4/22/2019 12:23
"TIL that tennis star, John Patrick McEnroe's youngest brother's name is Patrick John McEnroe",7,bg5svg,https://en.wikipedia.org/wiki/Patrick_McEnroe,2,1555959068,,4/22/2019 13:51
TIL that penguins and other marine birds have a supraorbital gland above their eye socket that breaks down sodium in their bloodstream. Which allows them to remove salt from saltwater and make it fresh water for them to survive.,966,bfpsgz,https://en.wikipedia.org/wiki/Supraorbital_gland,40,1555859492,,4/21/2019 10:11
"TIL Charles Bronson's, one of the toughest men in Hollywood, was so poor growing up that at one time he had to wear his sister's dress to school for lack of clothing.",2470,bfne0e,https://en.wikipedia.org/wiki/Charles_Bronson,108,1555841543,,4/21/2019 5:12
TIL Border Collies are so smart that they can herd sheep with such precision as to be able to make art with them.,52,bfyyba,https://youtu.be/xWKzYGhs8BE,5,1555915604,,4/22/2019 1:46
TIL 1981 Cadillac Eldorados were fitted with a metal plate under the driver's seat to fix a balancing problem. This saved mob associate Frank Rosenthal's life when the plate shielded him from the force of a car bomb exploding under his Eldorado.,1594,bfo7jr,https://en.wikipedia.org/wiki/Frank_Rosenthal#Later_years_and_death,53,1555848931,,4/21/2019 7:15
"TIL about a charity in the UK ‘adopting’ red phone boxes, removing the phone and installing lifesaving defibrillators instead.",4812,bfm285,https://www.communityheartbeat.org.uk/adopt-kiosk,174,1555828399,,4/21/2019 1:33
TIL February use to be the last month of the year,2,bg9cu9,https://en.wikipedia.org/wiki/February,2,1555977603,,4/22/2019 19:00
TIL The record for the longest period without sleep is 11 days.,34,bfzp6h,https://en.wikipedia.org/wiki/Randy_Gardner_(record_holder),18,1555922226,,4/22/2019 3:37
"TIL that breathing 100% pure oxygen for more than 16 hours can lead to irreversible lung damage, damage to the retinas, and eventually, death.",9373,bfl1q6,https://www.sciencefocus.com/the-human-body/why-does-breathing-pure-oxygen-kill-you/,589,1555819991,,4/20/2019 23:13
"TIL that Pol Pot and the Khmer Rouge retained their UN seat until 1982, this was after the torture and genocide of an estimated 2-3 million people in their native Cambodia. Western forces refused to recognise the new Cambodian government becuase the country had been liberated by Vietnamese forces.",78,bfxqf0,http://www.historyplace.com/pointsofview/kiernan.htm,7,1555905850,,4/21/2019 23:04
"TIL about the War of the Ass, a 13th century conflict fought over the ownership of a donkey.",26,bg03od,https://en.wikipedia.org/wiki/War_of_the_Ass,4,1555925684,,4/22/2019 4:34
TIL about Raiders of The Lost Ark: The Adaptation a shot for shot remake of the original 1981 Indiana Jones adventure,8,bg3a94,https://www.nytimes.com/2016/06/12/movies/raiders-of-the-lost-ark-remake-documentary.html,2,1555946247,,4/22/2019 10:17
TIL musical icon Prince was a fantastic bowler who could 'throw a strike at will' and wore knee-high furry boots while he was playing,223,bftnji,https://themalestrom.com/interviews/picturing-prince-steve-parke-exhibition/,23,1555880878,,4/21/2019 16:07
TIL whales can drink sea water thanks to their strong kidneys,128,bfvfdt,http://scienceline.ucsb.edu/getkey.php?key=19,18,1555891286,,4/21/2019 19:01
TIL - dried currents are actually dried seedless grapes 'Black Corinth',4,bg4v9p,https://en.wikipedia.org/wiki/Zante_currant,4,1555954336,,4/22/2019 12:32
"TIL that Naspers, a South African company, owns a 31% stake in Tencent valued at over $175 billion. It bought the stake in 2001 for only $32 million.",206,bftivi,https://en.wikipedia.org/wiki/Naspers#Tencent_investment,9,1555880173,,4/21/2019 15:56
TIL Once Spider-Man gave Mary Jane cancer through his radioactive sperm,121,bfv9gr,https://www.toplessrobot.com/2008/11/the_12_dumbest_spiderman_stories_ever_besides_the.php,19,1555890269,,4/21/2019 18:44
TIL: The first time The Beatles ever got into the newspaper was because John Lennon beat up a disk jockey who asked him “How was you honeymoon with Brian Epstein” which was their manager.,104,bfvhj5,https://www.beatlesbible.com/1963/06/18/paul-mccartneys-21st-birthday-party/,13,1555891654,,4/21/2019 19:07
"TIL That Joseph Kony, of KONY 2012 notoriety and responsible for child soldiers and sex slaves, is no longer sought after by the United States or Uganda Governments.",85,bfw4sz,https://en.wikipedia.org/wiki/Joseph_Kony,35,1555895626,,4/21/2019 20:13
"TIL Former Canadian Prime Minister Joe Clark was punched in the face by a stranger who called him by name while walking in Montreal. Clark had declined RCMP protection, available to all former prime ministers, after he left politics",30,bfyumh,https://o.canada.com/news/security-breach-should-be-a-wake-up-call-for-rcmp-says-expert,4,1555914707,,4/22/2019 1:31
"TIL in history Pope Innocent III ordered the Albigensian Crusade against Cathar Christians in Southern France. Cathar property was seized, entire towns burned, inhabitants slaughtered, and the Medieval Inquisition launched.",30,bfyo1b,https://en.wikipedia.org/wiki/Albigensian_Crusade?wprov=sfla1,10,1555913183,,4/22/2019 1:06
"TIL that The King's School, a day and boarding school in Canterbury, Kent, England is the oldest continuously operating school in the world. It was founded in 597 AD by Augustine of Canterbury a century after the Fall of the Roman Empire in the West as a medieval cathedral school.",1460,bfn2wq,"https://en.wikipedia.org/wiki/The_King%27s_School,_Canterbury",61,1555838406,,4/21/2019 4:20
"TIL that Louisiana State Penitentiary is the only prison in the US that has its own radio station. Its range isn't much wider than the penitentiary grounds. It's run by inmates, and its 24 hours of daily programming is 100% religion-based.",120,bfuq63,https://en.wikipedia.org/wiki/Louisiana_State_Penitentiary#Radio,16,1555886974,,4/21/2019 17:49
"TIL Carlsberg, a danish beer company, used the Swastika as one of its main logos but discontinued use in the 1930s when the Swastika became associated with Nazi Germany",80,bfvxkf,https://en.wikipedia.org/wiki/Carlsberg_Group,6,1555894379,,4/21/2019 19:52
"TIL in 2018, Chinese travellers (1.43 million) became the largest source of short-term visitor arrivals in Australia. That is a 304% increase from a decade earlier, when only 354,370 Chinese travellers visited Australia in 2008.",58,bfwo3k,https://www.abs.gov.au/ausstats/abs@.nsf/products/961B6B53B87C130ACA2574030010BD05,10,1555899050,,4/21/2019 21:10
TIL that Carica papaya seed extract is an effective male contraceptive.,31,bfydoi,https://www.ncbi.nlm.nih.gov/pubmed/11232785,4,1555910801,,4/22/2019 0:26
"TIL that the General Sherman Tree in Sequoia National Park was originally named the Karl Marx Tree by the Kaweah Cooperative Colony, a socialist utopian community that settled on the land prior to the park's establishment.",37,bfxxcp,http://brbl-archive.library.yale.edu/exhibitions/utopia/uc13h.html,2,1555907199,,4/21/2019 23:26
TIL about Janet Airlines. A highly classified airline that shuttles military personnel in and out of Area 51. The name stand for 'Just Another Non-Existent Terminal',30651,bfijz8,https://en.wikipedia.org/wiki/Janet_(airline),974,1555803314,,4/20/2019 18:35
TIL Even the sets for the apartment and bar scenes in Scrubs were built in the north hollywood hospital,3,bg4r7c,https://www.youtube.com/watch?v=76M14t4spxE,1,1555953770,,4/22/2019 12:22
"TIL Of the Great Famine which plagued Europe from 1315-1317 killing an estimated 7,500,000 people.",38,bfxpo3,https://en.wikipedia.org/wiki/List_of_famines,3,1555905710,,4/21/2019 23:01
"TIL: Islam teaches that Jesus didn’t die of crucifixion, but was raised to heaven while alive. Some Christian denominations believe this as well.",405,bfph2w,https://en.wikipedia.org/wiki/Entering_heaven_alive,145,1555857633,,4/21/2019 9:40
TIL That in Souris Prince Edward Island it is illegal to have a snowman taller than 30 inches (2.5 feet),22,bfyua7,https://www.msn.com/en-ca/lifestyle/travel/35-weird-canadian-laws-you-didnt-know-existed/ss-BBPI8Gj,0,1555914629,,4/22/2019 1:30
TIL 'Hey Diddle Diddle' (a nursery rhyme) is over 500 years old.,63,bfvkw4,https://en.wikipedia.org/wiki/Hey_Diddle_Diddle,0,1555892199,,4/21/2019 19:16
"TIL The Vehicle Assembly Building at NASA's Kennedy Space Center is so big that it has its own weather system, with clouds forming below the ceiling on very humid days.",659,bfnzwh,https://en.wikipedia.org/wiki/Vehicle_Assembly_Building#Capabilities,29,1555847194,,4/21/2019 6:46
"TIL that concentric exercise (when muscles contract) isn't as effective at building muscles as eccentric exercise (""going against the negative"") when the latter is done correctly.",13,bg09bm,https://www.researchgate.net/publication/268057437_DESIGN_OF_USER-WEIGHT-BASED_EXERCISE_MACHINES,11,1555927049,,4/22/2019 4:57
"TIL that John Hale, a California resident, has ridden the Disneyland attraction Radiator Springs Racers over 10,000 times over the course of 5 years",53,bfwa7f,http://abc7.com/society/oc-man-rides-disney-cars-land-ride-for-10000th-time/2642631/,7,1555896552,,4/21/2019 20:29
"TIL of boxwood miniatures, prayer aids, detailed sculptures 15cm in diameter, from the 15th and 16th centuries.",28,bfy6e2,https://en.wikipedia.org/wiki/Gothic_boxwood_miniature?wprov=sfti1,1,1555909187,,4/21/2019 23:59
"TIL the word 'bus' is actually short for 'omnibus' meaning ""To contain many things"" and didn't originate until the early 19th century",5029,bfjjun,https://en.wikipedia.org/wiki/Bus,169,1555809711,,4/20/2019 20:21
"TIL that Pineapples grow on bushes, and not on trees.",86,bfujrb,https://en.wikipedia.org/wiki/Pineapple,8,1555885965,,4/21/2019 17:32
TIL Ducks should be fed frozen peas instead of bread.,940,bfn526,https://www.telegraph.co.uk/news/earth/environment/11471281/Feed-the-ducks-with-frozen-peas-not-bread-says-Canal-and-River-Trust.html,79,1555839012,,4/21/2019 4:30
TIL The original script for Beetlejuice was much darker with Beetlejuice taking the form of a rabid squirrel and mutilating the Deetz' 9-year old daughter in the final scene.,84,bfudvn,https://en.wikipedia.org/wiki/Beetlejuice#Writing,11,1555885037,,4/21/2019 17:17
TIL that the inventor of the magnetic stripe card used a flat iron to make the first prototype,20,bfz01m,https://en.wikipedia.org/wiki/Forrest_Parry,0,1555916023,,4/22/2019 1:53
"TIL that crime rates in Mexico drop significantly whenever footballer Javier ""Chicharito"" Hernandez is playing.",314,bfpo27,https://www.news.com.au/sport/football/crime-rate-in-mexico-drops-when-javier-hernandez-plays-for/news-story/4fc35380ed400d4921431f74680ad986,9,1555858779,,4/21/2019 9:59
"TIL that an M1 Abrams Tank runs on a 1500hp Gas Turbine Engine, not a diesel as commonly assumed, that runs at 3000 rpm after a 10:1 reduction gear set.",48,bfw0ti,https://en.wikipedia.org/wiki/Honeywell_AGT1500,57,1555894930,,4/21/2019 20:02
TIL People used to play chess across the globe by mailing their moves to each other,163,bfrwhq,https://en.wikipedia.org/wiki/Correspondence_chess#Postal_(traditional_mail)_correspondence_chess,12,1555871197,,4/21/2019 13:26
"TIL Charles Stratton AKA General Tom Thumb was a diminutive relation who worked for PT Barnum, and became an internationally acclaimed stage performer. He is credited with changing the perception of “freak shows”, which were previously seen as base work, and they soon after became highly popular.",34,bfwyfv,https://en.wikipedia.org/wiki/General_Tom_Thumb#Adoption_by_Barnum,0,1555900826,,4/21/2019 21:40
"TIL That today in history, Commander John Paul Jones lead a raid on the port town of Whitehaven, England during the American Revolution.",12,bfzud3,https://www.history.com/this-day-in-history/john-paul-jones-leads-american-raid-on-whitehaven-england,6,1555923508,,4/22/2019 3:58
"TIL that male sharks have two penises called “claspers”, which develop due to a gene called the Sonic hedgehog gene. This gene causes a variety of body parts to develop, and if the gene is expressed in female sharks as long as it’s expressed in male sharks, they also develop two claspers.",20,bfyhoi,https://gizmodo.com/heres-why-sharks-have-two-pensies-1701514732,5,1555911741,,4/22/2019 0:42
"TIL that Cymru the Welsh name for Wales means friends or companions, but the English name Wales derives from the germanic word walh which means stranger or foreigner.",38,bfwg3j,https://www.youtube.com/watch?v=RaIIUGqr2QQ,5,1555897604,,4/21/2019 20:46
TIL Charles Darwin reportedly took Harriet the Tortoise from the Galapagos Ilands to England. It was then transported to Australia where it was more recently visited by Steve Irwin. The tortoise lived 175 years.,375,bfojzj,https://en.wikipedia.org/wiki/Harriet_(tortoise),7,1555851615,,4/21/2019 8:00
"TIL that Led Zeppelin had become so frustrated with reporters and interviewers that officials had put down strict rules for anyone who went backstage. One of those rules stated ""Do not make any sort of eye contact with John Bonham. This is for your own safety.""",5878,bfi5wd,https://uproxx.com/music/led-zeppelin-1977-north-american-tour/5/,146,1555800814,,4/20/2019 17:53
"TIL the Romans had a toilet pantheon, including the great sewer goddess Venus Cloacina - whom you prayed to when the toilet clogged - and Crepitus, whom you prayed to when you were constipated",382,bfoail,https://en.wikipedia.org/wiki/Toilet_god,47,1555849609,,4/21/2019 7:26
"TIL learned about Pink Floyd's lost album 'Household Object's'. There are only two known tracks (linked below). The album was created after Dark Side of the Moon. When asked about it, the band can be quoted in saying the album was too weird even for them.",64,bfua1l,https://youtu.be/Qu3Jm03hsaY,10,1555884410,,4/21/2019 17:06
"TIL the Ryugyong Hotel in North Korea is the world's shortest building with at least 100 floors. It is 330m tall (1082 feet) and has 105 floors. Meanwhile, Shanghai World Financial Center is 162m/530ft taller for only 101 floors.",15,bfz0m1,https://en.wikipedia.org/wiki/List_of_buildings_with_100_floors_or_more,3,1555916155,,4/22/2019 1:55
TIL that NASA has robot astronauts called Robonauts,14,bfz08s,https://robonaut.jsc.nasa.gov/R2/,3,1555916068,,4/22/2019 1:54
TIL in 1978 British explorer Tim Severin proved it was possible for a 6th century Irish boat clad in leather to make the journey across the Atlantic from Ireland to North America. This was done to test if St. Brendan the Navigators described journey across the Atlantic was possible at the time.,394,bfo2bn,https://en.wikipedia.org/wiki/Brendan#Possible_link_to_North_America,12,1555847775,,4/21/2019 6:56
"TIL of Harry Daghlian, a 24 year-old physicist with the Manhattan Project. He accidentally dropped a brick into the centre of a plutonium core and exposed himself to a lethal dose of radiation, dying 25 days after the accident.",4833,bfi4w4,https://en.wikipedia.org/wiki/Harry_Daghlian,446,1555800630,,4/20/2019 17:50
TIL of Denise Harvey. A Florida woman who had sex with a 16 year old on her sons baseball team. She got 30 years but fled to Canada which granted her asylum,54,bfuhvc,https://nationalpost.com/news/canada/florida-sex-offender-who-had-relations-with-16-year-old-granted-refugee-status-in-canada,55,1555885666,,4/21/2019 17:27
TIL that giraffes sleep using their own butts as pillows,4068,bfik1j,https://www.boredpanda.com/giraffes-shortest-sleeping-animal/?utm_source=google&utm_medium=organic&utm_campaign=organic,88,1555803322,,4/20/2019 18:35
"TIL There is a Japanese art for called Dorodango, which is where earth and water are moulded and polished to make very shiny balls",70,bftl1z,https://en.wikipedia.org/wiki/Dorodango,8,1555880501,,4/21/2019 16:01
"TIL that the US reached peak coal mining employment in 1923, when there were 883,000 coal miners employed in the US. Today, there are only 50,000 coal miners in the US. Nevertheless, the US produces about 50% more coal than it did 100 years ago.",1828,bfkirt,https://en.wikipedia.org/wiki/Coal_mining_in_the_United_States,124,1555816189,,4/20/2019 22:09
TIL that 31 prisoners in a prison in Uganda escaped because the guards were busy trying to catch a rabbit. The rabbit evaded capture.,123,bfrjmf,http://news.bbc.co.uk/1/hi/world/africa/2006481.stm,9,1555869258,,4/21/2019 12:54
TIL that China has launched and successfully recovered satellites with wooden heat shields,43,bfv705,https://en.wikipedia.org/wiki/Fanhui_Shi_Weixing,3,1555889846,,4/21/2019 18:37
"TIL legendary musician Prince passed away leaving no will detailing how to distribute his multi-million dollar estate. Within 3 weeks of his death, more than 700 people claimed to be his half-sibling or descendant.",8779,bfgjpu,https://en.wikipedia.org/wiki/Prince_(musician)#Illness_and_death,248,1555791268,,4/20/2019 15:14
"TIL hydropower comprises nearly 100% of electricity production in Paraguay, and 90% of energy generated is exported mainly to Brazil and Argentina.",82,bfs8d3,https://en.wikipedia.org/wiki/Electricity_sector_in_Paraguay,8,1555872996,,4/21/2019 13:56
"TIL that the main producer behind The Legend of Zelda CD-i games, Dale DeSharone, also owned Boston Animation, the company behind the educational kids' game M&Ms The Lost Formulas.",10,bfyfco,http://blog.hardcoregaming101.net/2012/09/dale-desharone-unspoken-legend.html,0,1555911188,,4/22/2019 0:33
TIL Movie theatre popcorn is sold at a 1275% markup,29643,bff6ox,https://www.rd.com/advice/saving-money/10-outrageous-markups-youd-never-guess-you-were-paying/,1286,1555783725,,4/20/2019 13:08
TIL Simon Bolivar decreed that permitted any atrocities committed against people born in Spain that weren't actively working with the revolutionaries,0,bg5l4c,https://en.wikipedia.org/wiki/Decree_of_War_to_the_Death,10,1555957956,,4/22/2019 13:32
"TIL Ernst & Young (EY), setup in 1989 through a merger, has its roots under 2 individuals - Arthur Young & Alwin C. Ernst. They never met and both passed away within days of each other in 1948.Today, EY has over 231,000 employees globally.",11,bfygd5,https://www.ey.com/us/en/about-us/our-people-and-culture/our-history,0,1555911434,,4/22/2019 0:37
TIL that the Antarctic Point of Inaccessibility has a Lenin Bust that has survived 50 years without any maintenance,39,bfufoe,https://en.wikipedia.org/wiki/Pole_of_Inaccessibility_(Antarctic_research_station),2,1555885320,,4/21/2019 17:22
"TIL, in 2018 the Sagrada Familia Church agreed to pay Barcelona $41M as fine for lacking a building permit for 136 Years",2441,bfipyd,http://time.com/5429231/barcelona-sagrada-familia-building-permit/,117,1555804322,,4/20/2019 18:52
"TIL The first federally funded US-Mexico border fence went up in 1911. But it wasn't built to keep people out. Instead, it was meant to stop tick-infested cattle from wandering into the U.S.",100,bfqzcm,https://theweek.com/articles/820973/history-southern-border,3,1555866215,,4/21/2019 12:03
"TIL about Eddie Gaedel, the smallest person to ever play in the Major Leagues. His jersey number was 1/8.",63,bfskn6,https://wikipedia.org/wiki/Eddie_Gaedel,9,1555874867,,4/21/2019 14:27
"TIL Hitler in his teenage years was attracted to a girl named Stefanie Isak, a girl who's believed to have Jewish origins.",74,bfs0av,https://en.wikipedia.org/wiki/Adolf_Hitler_and_Stefanie_Rabatsch,34,1555871761,,4/21/2019 13:36
"TIL Inner verbalization of the mind is accompanied by tiny muscular movements in the larynx. Neuroscientists have also found that an area within the left inferior frontal gyrus, known as Broca’s area, is active when we speak out loud and also during inner speech.",68,bfs4ow,https://thebrainbank.scienceblog.com/2015/10/10/whats-going-on-in-your-head-the-science-behind-our-inner-voice/,10,1555872437,,4/21/2019 13:47
"TIL of the Free Little Library organization. Comprised of over 80,000 locations in 91 countries, this service allows any individual or organization to set up a public book sharing station where community members can freely give or take books.",52,bft25u,https://littlefreelibrary.org/about/,7,1555877577,,4/21/2019 15:12
TIL at the end of the Diamond Sūtra - the oldest surviving dated printed book - is a note that the creator was told to copy out the book by his parents,292,bfnmtd,https://wiganlanebooks.co.uk/blog/interesting/10-of-the-oldest-known-surviving-books-in-the-world/,9,1555843929,,4/21/2019 5:52
"TIL that insects don't have lungs. They just kinda absorb oxygen and it is related to their size, i.e. why bugs got so big when the Earth had more oxygen.",2806,bfhtjp,https://askabiologist.asu.edu/how-insects-breathe,124,1555798676,,4/20/2019 17:17
"TIL Peppa Pig was endorsed by the People's Liberation Army and Chinese weapons manufacturer Norinco, who have performed military formations composing of soldiers and tanks in the shape of the cartoon's signature character.",58,bfs4n6,https://www.scmp.com/news/china/society/article/2185004/lunar-new-year-puts-seal-peppa-pigs-chinese-comeback,14,1555872429,,4/21/2019 13:47
"TIL the BBC wanted to broadcast Band of Brothers so much that not only did they spend £7 million on securing broadcast rights, but PM Blair personally oversaw the deal and supervised negotiations with Steven Spielberg",242,bfnl99,https://en.wikipedia.org/wiki/Band_of_Brothers_(miniseries)#Budget_and_promotion,19,1555843526,,4/21/2019 5:45
"TIL Queens song 39, while at first seeming about soldiers going to war, is actually about astronauts on an Interstellar Voyage returning to a far future Earth due to relativistic time-dilation",138,bfp0ot,https://www.physicsforums.com/threads/queens-song-39-the-only-pop-song-about-relativity.539181/,12,1555854793,,4/21/2019 8:53
